Paramètres,Numéro,Protocole,dead_nodes,duration,energy,messages_forwarded,messages_initiated,msg_recv,msg_sent,rrep_sent,rreq_forwarded,rreq_sent,seuiled
Set1,0,Modified,50,4974.3557419439585,863380.5576124068,16177,36261,4269,4481,342,1498646,32122,0
Set1,0,Regular,50,5684.711589029267,874622.8587066369,17247,39631,4291,4669,68,1360896,35030,0
Set2,1,Modified,50,5578.799166788488,860099.4820006008,12488,42790,4156,4219,356,1900724,38927,0
Set2,1,Regular,50,5725.800000003299,866887.8740605051,13971,43976,4341,4551,24,1671599,39449,0
